{
  "bootstrap": {
    "src": ["dist/js/bootstrap.min.js", "dist/js/bootstrap.min.js.map"],
    "dest": "bootstrap"
  },
  "prismjs": {
    "src": ["prism.js", "themes/prism-okaidia.css"],
    "dest": "prism"
  },
  "is_js": {
    "src": "is.min.js",
    "dest": "is"
  },
  "anchor-js": {
    "src": "anchor.min.js",
    "dest": "anchorjs"
  },
  "@fortawesome/fontawesome-free": {
    "src": "js/all.min.js",
    "dest": "fontawesome"
  },
  "lodash": {
    "src": "lodash.min.js",
    "dest": "lodash"
  },
  "echarts": {
    "src": ["dist/echarts.min.js"],
    "dest": "echarts"
  },
  "glightbox": {
    "src": ["dist/js/glightbox.min.js", "dist/css/glightbox.min.css"],
    "dest": "glightbox"
  },
  "plyr": {
    "src": [
      "dist/plyr.polyfilled.min.js",
      "dist/plyr.polyfilled.min.js.map",
      "dist/plyr.css"
    ],
    "dest": "plyr"
  },
  "dropzone": {
    "src": ["dist/min/dropzone.min.js", "dist/min/dropzone.min.css"],
    "dest": "dropzone"
  },
  "choices.js": {
    "src": [
      "public/assets/scripts/choices.min.js",
      "public/assets/styles/choices.min.css",
      "public/assets/styles/base.min.css"
    ],
    "dest": "choices"
  },
  "chart.js": {
    "src": ["dist/chart.min.js"],
    "dest": "chart"
  },
  "leaflet": {
    "src": ["dist/leaflet.js", "dist/leaflet.js.map", "dist/leaflet.css"],
    "dest": "leaflet"
  },
  "leaflet.markercluster": {
    "src": [
      "dist/leaflet.markercluster.js",
      "dist/leaflet.markercluster.js.map",
      "dist/MarkerCluster.css",
      "dist/MarkerCluster.Default.css"
    ],
    "dest": "leaflet.markercluster"
  },
  "leaflet.tilelayer.colorfilter": {
    "src": "src/leaflet-tilelayer-colorfilter.min.js",
    "dest": "leaflet.tilelayer.colorfilter"
  },

  "tinymce": {
    "src": ["**/*.*"],
    "dest": "tinymce"
  },
  "@popperjs/core": {
    "src": ["dist/umd/popper.min.js", "dist/umd/popper.min.js.map"],
    "dest": "popper"
  },

  "list.js": {
    "src": ["dist/list.min.js", "dist/list.min.js.map"],
    "dest": "list.js"
  },
  "swiper": {
    "src": ["swiper-bundle.min.js", "swiper-bundle.min.css"],
    "dest": "swiper"
  },
  "rater-js": {
    "src": ["index.js", "lib/**/*.*"],
    "dest": "rater-js"
  },
  "@shopify": {
    "src": "draggable/lib/es5/draggable.bundle.legacy.js",
    "dest": "draggable"
  },
  "fullcalendar": {
    "src": ["main.min.js", "main.js", "main.min.css"],
    "dest": "fullcalendar"
  },
  "dayjs": {
    "src": "dayjs.min.js",
    "dest": "dayjs"
  },

  "overlayscrollbars": {
    "src": ["js/OverlayScrollbars.min.js", "css/OverlayScrollbars.min.css"],
    "dest": "overlayscrollbars"
  },
  "feather-icons": {
    "src": ["dist/feather.min.js"],
    "dest": "feather-icons"
  },
  "dhtmlx-gantt": {
    "src": ["codebase/dhtmlxgantt.js", "codebase/dhtmlxgantt.css"],
    "dest": "dhtmlx-gantt"
  },
  "isotope-layout": {
    "src": ["dist/isotope.pkgd.min.js"],
    "dest": "isotope-layout"
  },

  "isotope-packery": {
    "src": ["packery-mode.pkgd.min.js"],
    "dest": "isotope-packery"
  },
  "bigpicture": {
    "src": "dist/BigPicture.js",
    "dest": "bigpicture"
  },
  "imagesloaded": {
    "src": "imagesloaded.pkgd.min.js",
    "dest": "imagesloaded"
  }
}
